ra_bin_deg,dec_bin_deg,n_stars
0.0,-18.0,3369
0.0,-17.0,8042
0.0,-16.0,11862
0.0,-15.0,16940
0.0,-14.0,14644
0.0,-13.0,15334
0.0,-12.0,15398
0.0,-11.0,15592
0.0,-10.0,15549
0.0,-9.0,16055
0.0,-8.0,16168
0.0,-7.0,16937
0.0,-6.0,17047
0.0,-5.0,17530
0.0,-4.0,18247
0.0,-3.0,18749
0.0,-2.0,19366
0.0,-1.0,20131
0.0,0.0,21864
0.0,1.0,22094
0.0,2.0,24397
0.0,3.0,28528
0.0,4.0,31723
0.0,5.0,37824
0.0,6.0,45172
0.0,7.0,55611
0.0,8.0,76007
0.0,9.0,109180
0.0,10.0,161573
0.0,11.0,186016
0.0,12.0,221961
0.0,13.0,57063
0.0,14.0,60599
0.0,15.0,30095
0.0,16.0,13034
0.0,17.0,2994
1.0,-18.0,3560
1.0,-17.0,7983
1.0,-16.0,12463
1.0,-15.0,76884
1.0,-14.0,15017
1.0,-13.0,14420
1.0,-12.0,14785
1.0,-11.0,15018
1.0,-10.0,15201
1.0,-9.0,15418
1.0,-8.0,15704
1.0,-7.0,15746
1.0,-6.0,16151
1.0,-5.0,16600
1.0,-4.0,17348
1.0,-3.0,17875
1.0,-2.0,18157
1.0,-1.0,19313
1.0,0.0,20673
1.0,1.0,21559
1.0,2.0,22795
1.0,3.0,26088
1.0,4.0,30780
1.0,5.0,35792
1.0,6.0,41885
1.0,7.0,53875
1.0,8.0,72599
1.0,9.0,102702
1.0,10.0,151154
1.0,11.0,184214
1.0,12.0,186801
1.0,13.0,72051
1.0,14.0,68067
1.0,15.0,29546
1.0,16.0,13004
1.0,17.0,3196
2.0,-18.0,3509
2.0,-17.0,8045
2.0,-16.0,12976
2.0,-15.0,137454
2.0,-14.0,15298
2.0,-13.0,14422
2.0,-12.0,14615
2.0,-11.0,14439
2.0,-10.0,14691
2.0,-9.0,14702
2.0,-8.0,15155
2.0,-7.0,15451
2.0,-6.0,16257
2.0,-5.0,15901
2.0,-4.0,16718
2.0,-3.0,17330
2.0,-2.0,17528
2.0,-1.0,18548
2.0,0.0,19617
2.0,1.0,20807
2.0,2.0,22365
2.0,3.0,25553
2.0,4.0,29644
2.0,5.0,34243
2.0,6.0,40425
2.0,7.0,53098
2.0,8.0,70202
2.0,9.0,96965
2.0,10.0,139296
2.0,11.0,190317
2.0,12.0,173805
2.0,13.0,96825
2.0,14.0,67661
2.0,15.0,28870
2.0,16.0,12599
2.0,17.0,3814
3.0,-18.0,3542
3.0,-17.0,7858
3.0,-16.0,12848
3.0,-15.0,81629
3.0,-14.0,15369
3.0,-13.0,14047
3.0,-12.0,14111
3.0,-11.0,14289
3.0,-10.0,14340
3.0,-9.0,14451
3.0,-8.0,14802
3.0,-7.0,15110
3.0,-6.0,15040
3.0,-5.0,15596
3.0,-4.0,16100
3.0,-3.0,16971
3.0,-2.0,17064
3.0,-1.0,18390
3.0,0.0,19486
3.0,1.0,20939
3.0,2.0,22284
3.0,3.0,25091
3.0,4.0,28959
3.0,5.0,33209
3.0,6.0,41004
3.0,7.0,52819
3.0,8.0,70081
3.0,9.0,97642
3.0,10.0,128245
3.0,11.0,180161
3.0,12.0,161980
3.0,13.0,85819
3.0,14.0,69617
3.0,15.0,28540
3.0,16.0,12478
3.0,17.0,2977
4.0,-18.0,3366
4.0,-17.0,8155
4.0,-16.0,12239
4.0,-15.0,23123
4.0,-14.0,14516
4.0,-13.0,13714
4.0,-12.0,14221
4.0,-11.0,14253
4.0,-10.0,14195
4.0,-9.0,14574
4.0,-8.0,14484
4.0,-7.0,14515
4.0,-6.0,14821
4.0,-5.0,15306
4.0,-4.0,15877
4.0,-3.0,16714
4.0,-2.0,17470
4.0,-1.0,18256
4.0,0.0,19645
4.0,1.0,20940
4.0,2.0,22344
4.0,3.0,24499
4.0,4.0,28373
4.0,5.0,32911
4.0,6.0,41737
4.0,7.0,53682
4.0,8.0,72293
4.0,9.0,100482
4.0,10.0,133199
4.0,11.0,179487
4.0,12.0,168323
4.0,13.0,96797
4.0,14.0,61976
4.0,15.0,24925
4.0,16.0,12900
4.0,17.0,2850
5.0,-18.0,3399
5.0,-17.0,7966
5.0,-16.0,11725
5.0,-15.0,16873
5.0,-14.0,13661
5.0,-13.0,13817
5.0,-12.0,14171
5.0,-11.0,14139
5.0,-10.0,14328
5.0,-9.0,14278
5.0,-8.0,14643
5.0,-7.0,14699
5.0,-6.0,14985
5.0,-5.0,15491
5.0,-4.0,15933
5.0,-3.0,16665
5.0,-2.0,17937
5.0,-1.0,18936
5.0,0.0,20182
5.0,1.0,20970
5.0,2.0,23004
5.0,3.0,25428
5.0,4.0,27968
5.0,5.0,34191
5.0,6.0,43201
5.0,7.0,55857
5.0,8.0,76229
5.0,9.0,105312
5.0,10.0,158427
5.0,11.0,201356
5.0,12.0,176665
5.0,13.0,80171
5.0,14.0,56156
5.0,15.0,24344
5.0,16.0,12521
5.0,17.0,2856
6.0,-18.0,3434
6.0,-17.0,8047
6.0,-16.0,11408
6.0,-15.0,14466
6.0,-14.0,13695
6.0,-13.0,13831
6.0,-12.0,14247
6.0,-11.0,14367
6.0,-10.0,14413
6.0,-9.0,14466
6.0,-8.0,14826
6.0,-7.0,14987
6.0,-6.0,15226
6.0,-5.0,15371
6.0,-4.0,15945
6.0,-3.0,17091
6.0,-2.0,18344
6.0,-1.0,19572
6.0,0.0,20579
6.0,1.0,21718
6.0,2.0,23055
6.0,3.0,25374
6.0,4.0,29133
6.0,5.0,36808
6.0,6.0,44775
6.0,7.0,59585
6.0,8.0,81795
6.0,9.0,112620
6.0,10.0,173226
6.0,11.0,199511
6.0,12.0,151324
6.0,13.0,81597
6.0,14.0,42686
6.0,15.0,22132
6.0,16.0,12293
6.0,17.0,2810
7.0,-18.0,3557
7.0,-17.0,8296
7.0,-16.0,11037
7.0,-15.0,13161
7.0,-14.0,13888
7.0,-13.0,14260
7.0,-12.0,14400
7.0,-11.0,14390
7.0,-10.0,14863
7.0,-9.0,14730
7.0,-8.0,15134
7.0,-7.0,15559
7.0,-6.0,15651
7.0,-5.0,16206
7.0,-4.0,16801
7.0,-3.0,17793
7.0,-2.0,18851
7.0,-1.0,19912
7.0,0.0,21864
7.0,1.0,22123
7.0,2.0,23597
7.0,3.0,25604
7.0,4.0,30574
7.0,5.0,37864
7.0,6.0,48969
7.0,7.0,67296
7.0,8.0,93302
7.0,9.0,125340
7.0,10.0,175092
7.0,11.0,180916
7.0,12.0,122425
7.0,13.0,69126
7.0,14.0,41190
7.0,15.0,22040
7.0,16.0,11740
7.0,17.0,2891
8.0,-18.0,3484
8.0,-17.0,8524
8.0,-16.0,11146
8.0,-15.0,13329
8.0,-14.0,14268
8.0,-13.0,14651
8.0,-12.0,14929
8.0,-11.0,14983
8.0,-10.0,15148
8.0,-9.0,15453
8.0,-8.0,15756
8.0,-7.0,16115
8.0,-6.0,16491
8.0,-5.0,16871
8.0,-4.0,17526
8.0,-3.0,18745
8.0,-2.0,19826
8.0,-1.0,20998
8.0,0.0,22497
8.0,1.0,22425
8.0,2.0,25471
8.0,3.0,28785
8.0,4.0,30851
8.0,5.0,40461
8.0,6.0,52442
8.0,7.0,75814
8.0,8.0,103381
8.0,9.0,135430
8.0,10.0,153292
8.0,11.0,135657
8.0,12.0,139788
8.0,13.0,48366
8.0,14.0,37169
8.0,15.0,24316
8.0,16.0,10401
8.0,17.0,2613
9.0,-18.0,3582
9.0,-17.0,8554
9.0,-16.0,11222
9.0,-15.0,13670
9.0,-14.0,14536
9.0,-13.0,15214
9.0,-12.0,16476
9.0,-11.0,16239
9.0,-10.0,16021
9.0,-9.0,16410
9.0,-8.0,16693
9.0,-7.0,16991
9.0,-6.0,17831
9.0,-5.0,18216
9.0,-4.0,19057
9.0,-3.0,19378
9.0,-2.0,20566
9.0,-1.0,22358
9.0,0.0,23838
9.0,1.0,22847
9.0,2.0,24850
9.0,3.0,32772
9.0,4.0,36215
9.0,5.0,42176
9.0,6.0,56597
9.0,7.0,79451
9.0,8.0,115447
9.0,9.0,137745
9.0,10.0,121669
9.0,11.0,93698
9.0,12.0,101773
9.0,13.0,53649
9.0,14.0,36372
9.0,15.0,24719
9.0,16.0,10808
9.0,17.0,2668
10.0,-18.0,3527
10.0,-17.0,8823
10.0,-16.0,11452
10.0,-15.0,13976
10.0,-14.0,14850
10.0,-13.0,15422
10.0,-12.0,16257
10.0,-11.0,16654
10.0,-10.0,17214
10.0,-9.0,17401
10.0,-8.0,17786
10.0,-7.0,18621
10.0,-6.0,19241
10.0,-5.0,19969
10.0,-4.0,20406
10.0,-3.0,21585
10.0,-2.0,23120
10.0,-1.0,24563
10.0,0.0,26146
10.0,1.0,25880
10.0,2.0,26790
10.0,3.0,37716
10.0,4.0,42362
10.0,5.0,51671
10.0,6.0,51543
10.0,7.0,89373
10.0,8.0,132995
10.0,9.0,146370
10.0,10.0,111565
10.0,11.0,71158
10.0,12.0,89824
10.0,13.0,51758
10.0,14.0,39544
10.0,15.0,24392
10.0,16.0,11175
10.0,17.0,2523
11.0,-18.0,3533
11.0,-17.0,9104
11.0,-16.0,11992
11.0,-15.0,14402
11.0,-14.0,15489
11.0,-13.0,16715
11.0,-12.0,17604
11.0,-11.0,18083
11.0,-10.0,18534
11.0,-9.0,19118
11.0,-8.0,19475
11.0,-7.0,20468
11.0,-6.0,20970
11.0,-5.0,21831
11.0,-4.0,22919
11.0,-3.0,24440
11.0,-2.0,25844
11.0,-1.0,26000
11.0,0.0,27343
11.0,1.0,32067
11.0,2.0,33854
11.0,3.0,40479
11.0,4.0,54447
11.0,5.0,70545
11.0,6.0,71107
11.0,7.0,89802
11.0,8.0,126455
11.0,9.0,150064
11.0,10.0,96708
11.0,11.0,131625
11.0,12.0,97181
11.0,13.0,50396
11.0,14.0,39178
11.0,15.0,23786
11.0,16.0,11160
11.0,17.0,2510
12.0,-18.0,3661
12.0,-17.0,9353
12.0,-16.0,12796
12.0,-15.0,16080
12.0,-14.0,18102
12.0,-13.0,18292
12.0,-12.0,19257
12.0,-11.0,19698
12.0,-10.0,19957
12.0,-9.0,21093
12.0,-8.0,21252
12.0,-7.0,22797
12.0,-6.0,23615
12.0,-5.0,24812
12.0,-4.0,26453
12.0,-3.0,28246
12.0,-2.0,30295
12.0,-1.0,32602
12.0,0.0,31450
12.0,1.0,36715
12.0,2.0,37075
12.0,3.0,43106
12.0,4.0,59208
12.0,5.0,68307
12.0,6.0,104313
12.0,7.0,95748
12.0,8.0,137814
12.0,9.0,144475
12.0,10.0,137999
12.0,11.0,138824
12.0,12.0,73753
12.0,13.0,44760
12.0,14.0,40411
12.0,15.0,22678
12.0,16.0,10702
12.0,17.0,2448
13.0,-18.0,3714
13.0,-17.0,9187
13.0,-16.0,13662
13.0,-15.0,26266
13.0,-14.0,31090
13.0,-13.0,20843
13.0,-12.0,20528
13.0,-11.0,21445
13.0,-10.0,22239
13.0,-9.0,23354
13.0,-8.0,24504
13.0,-7.0,25358
13.0,-6.0,27077
13.0,-5.0,28895
13.0,-4.0,30474
13.0,-3.0,32161
13.0,-2.0,36439
13.0,-1.0,41331
13.0,0.0,42692
13.0,1.0,48230
13.0,2.0,46231
13.0,3.0,53977
13.0,4.0,63199
13.0,5.0,65830
13.0,6.0,111973
13.0,7.0,98626
13.0,8.0,178626
13.0,9.0,126714
13.0,10.0,126830
13.0,11.0,120453
13.0,12.0,61959
13.0,13.0,50406
13.0,14.0,37849
13.0,15.0,21311
13.0,16.0,10450
13.0,17.0,2543
14.0,-18.0,3667
14.0,-17.0,9600
14.0,-16.0,15582
14.0,-15.0,65199
14.0,-14.0,136622
14.0,-13.0,26959
14.0,-12.0,22654
14.0,-11.0,24077
14.0,-10.0,25025
14.0,-9.0,26550
14.0,-8.0,28488
14.0,-7.0,29817
14.0,-6.0,31679
14.0,-5.0,34069
14.0,-4.0,37072
14.0,-3.0,39145
14.0,-2.0,46388
14.0,-1.0,54399
14.0,0.0,61821
14.0,1.0,70578
14.0,2.0,66785
14.0,3.0,77077
14.0,4.0,97688
14.0,5.0,93885
14.0,6.0,108482
14.0,7.0,149230
14.0,8.0,240154
14.0,9.0,180422
14.0,10.0,119735
14.0,11.0,93167
14.0,12.0,65714
14.0,13.0,52159
14.0,14.0,34665
14.0,15.0,19895
14.0,16.0,9973
14.0,17.0,2468
15.0,-18.0,3582
15.0,-17.0,9529
15.0,-16.0,17294
15.0,-15.0,113715
15.0,-14.0,298825
15.0,-13.0,41469
15.0,-12.0,25883
15.0,-11.0,27075
15.0,-10.0,29077
15.0,-9.0,32848
15.0,-8.0,33126
15.0,-7.0,36041
15.0,-6.0,38731
15.0,-5.0,42711
15.0,-4.0,46204
15.0,-3.0,49901
15.0,-2.0,58146
15.0,-1.0,69876
15.0,0.0,86536
15.0,1.0,96421
15.0,2.0,92810
15.0,3.0,120648
15.0,4.0,135824
15.0,5.0,134681
15.0,6.0,182723
15.0,7.0,209814
15.0,8.0,266794
15.0,9.0,198839
15.0,10.0,133538
15.0,11.0,76939
15.0,12.0,61371
15.0,13.0,48308
15.0,14.0,31030
15.0,15.0,18131
15.0,16.0,9763
15.0,17.0,2475
16.0,-18.0,3752
16.0,-17.0,9570
16.0,-16.0,18183
16.0,-15.0,171919
16.0,-14.0,295957
16.0,-13.0,53196
16.0,-12.0,28779
16.0,-11.0,31000
16.0,-10.0,33403
16.0,-9.0,36551
16.0,-8.0,39692
16.0,-7.0,44472
16.0,-6.0,48785
16.0,-5.0,56104
16.0,-4.0,61356
16.0,-3.0,66888
16.0,-2.0,68256
16.0,-1.0,84754
16.0,0.0,117353
16.0,1.0,122391
16.0,2.0,133946
16.0,3.0,177244
16.0,4.0,169886
16.0,5.0,170021
16.0,6.0,208601
16.0,7.0,201989
16.0,8.0,225002
16.0,9.0,159812
16.0,10.0,111337
16.0,11.0,69084
16.0,12.0,55298
16.0,13.0,40441
16.0,14.0,27534
16.0,15.0,16815
16.0,16.0,9298
16.0,17.0,2487
17.0,-18.0,3923
17.0,-17.0,10338
17.0,-16.0,18089
17.0,-15.0,98767
17.0,-14.0,137431
17.0,-13.0,49155
17.0,-12.0,32284
17.0,-11.0,35221
17.0,-10.0,39309
17.0,-9.0,44158
17.0,-8.0,49527
17.0,-7.0,56490
17.0,-6.0,64897
17.0,-5.0,75449
17.0,-4.0,85608
17.0,-3.0,76264
17.0,-2.0,76185
17.0,-1.0,82320
17.0,0.0,104935
17.0,1.0,169328
17.0,2.0,232582
17.0,3.0,255590
17.0,4.0,210524
17.0,5.0,230833
17.0,6.0,259014
17.0,7.0,187014
17.0,8.0,177384
17.0,9.0,128647
17.0,10.0,95439
17.0,11.0,68359
17.0,12.0,49641
17.0,13.0,35443
17.0,14.0,24021
17.0,15.0,15459
17.0,16.0,8960
17.0,17.0,2469
18.0,-18.0,3948
18.0,-17.0,10532
18.0,-16.0,17910
18.0,-15.0,45484
18.0,-14.0,72430
18.0,-13.0,40829
18.0,-12.0,38030
18.0,-11.0,42111
18.0,-10.0,48443
18.0,-9.0,54757
18.0,-8.0,62754
18.0,-7.0,75111
18.0,-6.0,91812
18.0,-5.0,108891
18.0,-4.0,120308
18.0,-3.0,124016
18.0,-2.0,123380
18.0,-1.0,186294
18.0,0.0,207629
18.0,1.0,296447
18.0,2.0,273340
18.0,3.0,190893
18.0,4.0,228693
18.0,5.0,266708
18.0,6.0,188145
18.0,7.0,170030
18.0,8.0,141761
18.0,9.0,105950
18.0,10.0,73308
18.0,11.0,59248
18.0,12.0,42373
18.0,13.0,31608
18.0,14.0,21084
18.0,15.0,14336
18.0,16.0,8474
18.0,17.0,2404
19.0,-18.0,3859
19.0,-17.0,10596
19.0,-16.0,17613
19.0,-15.0,33412
19.0,-14.0,45249
19.0,-13.0,40079
19.0,-12.0,43173
19.0,-11.0,51897
19.0,-10.0,61687
19.0,-9.0,72045
19.0,-8.0,84166
19.0,-7.0,104960
19.0,-6.0,133979
19.0,-5.0,163795
19.0,-4.0,182293
19.0,-3.0,192334
19.0,-2.0,222198
19.0,-1.0,270061
19.0,0.0,217621
19.0,1.0,324849
19.0,2.0,289755
19.0,3.0,310985
19.0,4.0,261263
19.0,5.0,220399
19.0,6.0,165559
19.0,7.0,132433
19.0,8.0,103928
19.0,9.0,80045
19.0,10.0,62459
19.0,11.0,49176
19.0,12.0,36088
19.0,13.0,27627
19.0,14.0,19213
19.0,15.0,13291
19.0,16.0,8011
19.0,17.0,2377
20.0,-18.0,3892
20.0,-17.0,10812
20.0,-16.0,16932
20.0,-15.0,27830
20.0,-14.0,37840
20.0,-13.0,43409
20.0,-12.0,51780
20.0,-11.0,64788
20.0,-10.0,78927
20.0,-9.0,96022
20.0,-8.0,115333
20.0,-7.0,149416
20.0,-6.0,201932
20.0,-5.0,260314
20.0,-4.0,249069
20.0,-3.0,280986
20.0,-2.0,332376
20.0,-1.0,342998
20.0,0.0,333082
20.0,1.0,344328
20.0,2.0,308923
20.0,3.0,270518
20.0,4.0,207460
20.0,5.0,164648
20.0,6.0,122972
20.0,7.0,96432
20.0,8.0,76556
20.0,9.0,62698
20.0,10.0,51363
20.0,11.0,41472
20.0,12.0,31221
20.0,13.0,25020
20.0,14.0,17662
20.0,15.0,12762
20.0,16.0,7606
20.0,17.0,2225
21.0,-18.0,4060
21.0,-17.0,11334
21.0,-16.0,18303
21.0,-15.0,27828
21.0,-14.0,38969
21.0,-13.0,50065
21.0,-12.0,63800
21.0,-11.0,79627
21.0,-10.0,104990
21.0,-9.0,135274
21.0,-8.0,158950
21.0,-7.0,255277
21.0,-6.0,348330
21.0,-5.0,388928
21.0,-4.0,370740
21.0,-3.0,337189
21.0,-2.0,400124
21.0,-1.0,423278
21.0,0.0,335580
21.0,1.0,287405
21.0,2.0,222206
21.0,3.0,165432
21.0,4.0,137069
21.0,5.0,109539
21.0,6.0,89084
21.0,7.0,73675
21.0,8.0,59244
21.0,9.0,48627
21.0,10.0,40502
21.0,11.0,33653
21.0,12.0,27381
21.0,13.0,22174
21.0,14.0,16859
21.0,15.0,12256
21.0,16.0,7502
21.0,17.0,2287
22.0,-18.0,4167
22.0,-17.0,12086
22.0,-16.0,19380
22.0,-15.0,31164
22.0,-14.0,43302
22.0,-13.0,56826
22.0,-12.0,76487
22.0,-11.0,102436
22.0,-10.0,136852
22.0,-9.0,172143
22.0,-8.0,231825
22.0,-7.0,389514
22.0,-6.0,442054
22.0,-5.0,405127
22.0,-4.0,379211
22.0,-3.0,435330
22.0,-2.0,374433
22.0,-1.0,301233
22.0,0.0,219305
22.0,1.0,182208
22.0,2.0,141711
22.0,3.0,115139
22.0,4.0,96088
22.0,5.0,78770
22.0,6.0,66221
22.0,7.0,55570
22.0,8.0,45916
22.0,9.0,37876
22.0,10.0,32790
22.0,11.0,28204
22.0,12.0,23532
22.0,13.0,19484
22.0,14.0,15690
22.0,15.0,11609
22.0,16.0,7217
22.0,17.0,2197
23.0,-18.0,4271
23.0,-17.0,11286
23.0,-16.0,21366
23.0,-15.0,33016
23.0,-14.0,51279
23.0,-13.0,71301
23.0,-12.0,94704
23.0,-11.0,127402
23.0,-10.0,206917
23.0,-9.0,273038
23.0,-8.0,274958
23.0,-7.0,333446
23.0,-6.0,519643
23.0,-5.0,501747
23.0,-4.0,422409
23.0,-3.0,322401
23.0,-2.0,243249
23.0,-1.0,193217
23.0,0.0,151440
23.0,1.0,123437
23.0,2.0,99884
23.0,3.0,81701
23.0,4.0,67132
23.0,5.0,57435
23.0,6.0,49205
23.0,7.0,42700
23.0,8.0,36858
23.0,9.0,31352
23.0,10.0,27454
23.0,11.0,23929
23.0,12.0,20438
23.0,13.0,17281
23.0,14.0,14314
23.0,15.0,10903
23.0,16.0,6838
23.0,17.0,2232
24.0,-18.0,4419
24.0,-17.0,11913
24.0,-16.0,26437
24.0,-15.0,39419
24.0,-14.0,60323
24.0,-13.0,88460
24.0,-12.0,116679
24.0,-11.0,145510
24.0,-10.0,269090
24.0,-9.0,294416
24.0,-8.0,319489
24.0,-7.0,532342
24.0,-6.0,513972
24.0,-5.0,400205
24.0,-4.0,293941
24.0,-3.0,218700
24.0,-2.0,158365
24.0,-1.0,128704
24.0,0.0,103209
24.0,1.0,84407
24.0,2.0,69873
24.0,3.0,59060
24.0,4.0,50093
24.0,5.0,43989
24.0,6.0,37633
24.0,7.0,33418
24.0,8.0,29399
24.0,9.0,25870
24.0,10.0,23234
24.0,11.0,20308
24.0,12.0,17588
24.0,13.0,15576
24.0,14.0,12935
24.0,15.0,9993
24.0,16.0,6456
24.0,17.0,2187
25.0,-18.0,4160
25.0,-17.0,14453
25.0,-16.0,28662
25.0,-15.0,46416
25.0,-14.0,74514
25.0,-13.0,110353
25.0,-12.0,175203
25.0,-11.0,202471
25.0,-10.0,322948
25.0,-9.0,205140
25.0,-8.0,354311
25.0,-7.0,470760
25.0,-6.0,365755
25.0,-5.0,263906
25.0,-4.0,191178
25.0,-3.0,141995
25.0,-2.0,109773
25.0,-1.0,87219
25.0,0.0,71694
25.0,1.0,59681
25.0,2.0,50862
25.0,3.0,44366
25.0,4.0,38943
25.0,5.0,34173
25.0,6.0,30459
25.0,7.0,27374
25.0,8.0,24923
25.0,9.0,22289
25.0,10.0,20294
25.0,11.0,17492
25.0,12.0,15671
25.0,13.0,13955
25.0,14.0,12229
25.0,15.0,9578
25.0,16.0,6429
25.0,17.0,2237
26.0,-18.0,4337
26.0,-17.0,15471
26.0,-16.0,30564
26.0,-15.0,54483
26.0,-14.0,92610
26.0,-13.0,146438
26.0,-12.0,265508
26.0,-11.0,306616
26.0,-10.0,309243
26.0,-9.0,149719
26.0,-8.0,305198
26.0,-7.0,287214
26.0,-6.0,231184
26.0,-5.0,156330
26.0,-4.0,118080
26.0,-3.0,96364
26.0,-2.0,77597
26.0,-1.0,64304
26.0,0.0,52955
26.0,1.0,44740
26.0,2.0,40569
26.0,3.0,35341
26.0,4.0,31543
26.0,5.0,28214
26.0,6.0,25548
26.0,7.0,23073
26.0,8.0,21508
26.0,9.0,19402
26.0,10.0,17883
26.0,11.0,15738
26.0,12.0,13773
26.0,13.0,12567
26.0,14.0,11055
26.0,15.0,9163
26.0,16.0,6259
26.0,17.0,2190
27.0,-18.0,4428
27.0,-17.0,16586
27.0,-16.0,31690
27.0,-15.0,62247
27.0,-14.0,111414
27.0,-13.0,205597
27.0,-12.0,372607
27.0,-11.0,390312
27.0,-10.0,130576
27.0,-9.0,250545
27.0,-8.0,273772
27.0,-7.0,195536
27.0,-6.0,146465
27.0,-5.0,104677
27.0,-4.0,85718
27.0,-3.0,70714
27.0,-2.0,57701
27.0,-1.0,49182
27.0,0.0,41702
27.0,1.0,36033
27.0,2.0,32252
27.0,3.0,29117
27.0,4.0,26043
27.0,5.0,23763
27.0,6.0,22073
27.0,7.0,20276
27.0,8.0,18784
27.0,9.0,17220
27.0,10.0,16053
27.0,11.0,14637
27.0,12.0,12929
27.0,13.0,11478
27.0,14.0,10353
27.0,15.0,8381
27.0,16.0,6011
27.0,17.0,2149
28.0,-18.0,4528
28.0,-17.0,17429
28.0,-16.0,32643
28.0,-15.0,68433
28.0,-14.0,126886
28.0,-13.0,257674
28.0,-12.0,397495
28.0,-11.0,420339
28.0,-10.0,225717
28.0,-9.0,237160
28.0,-8.0,209042
28.0,-7.0,149027
28.0,-6.0,110632
28.0,-5.0,85866
28.0,-4.0,67270
28.0,-3.0,55421
28.0,-2.0,46695
28.0,-1.0,39251
28.0,0.0,34427
28.0,1.0,30487
28.0,2.0,27655
28.0,3.0,24633
28.0,4.0,22648
28.0,5.0,20831
28.0,6.0,19700
28.0,7.0,18185
28.0,8.0,16916
28.0,9.0,15634
28.0,10.0,14616
28.0,11.0,13418
28.0,12.0,12347
28.0,13.0,10625
28.0,14.0,9342
28.0,15.0,8321
28.0,16.0,5783
28.0,17.0,1985
29.0,-18.0,4751
29.0,-17.0,17813
29.0,-16.0,32612
29.0,-15.0,75405
29.0,-14.0,159045
29.0,-13.0,360814
29.0,-12.0,412030
29.0,-11.0,459484
29.0,-10.0,379756
29.0,-9.0,224649
29.0,-8.0,160630
29.0,-7.0,115636
29.0,-6.0,85550
29.0,-5.0,68972
29.0,-4.0,55463
29.0,-3.0,45124
29.0,-2.0,38375
29.0,-1.0,33147
29.0,0.0,29110
29.0,1.0,26281
29.0,2.0,23846
29.0,3.0,22264
29.0,4.0,20363
29.0,5.0,18769
29.0,6.0,17689
29.0,7.0,16398
29.0,8.0,15477
29.0,9.0,14373
29.0,10.0,13510
29.0,11.0,12587
29.0,12.0,11529
29.0,13.0,10132
29.0,14.0,9220
29.0,15.0,7946
29.0,16.0,5650
29.0,17.0,1941
30.0,-18.0,4633
30.0,-17.0,18495
30.0,-16.0,33069
30.0,-15.0,89106
30.0,-14.0,198365
30.0,-13.0,520325
30.0,-12.0,328557
30.0,-11.0,473398
30.0,-10.0,330717
30.0,-9.0,198181
30.0,-8.0,134089
30.0,-7.0,94765
30.0,-6.0,72534
30.0,-5.0,57794
30.0,-4.0,46945
30.0,-3.0,38623
30.0,-2.0,33882
30.0,-1.0,30010
30.0,0.0,26220
30.0,1.0,23564
30.0,2.0,21429
30.0,3.0,19796
30.0,4.0,18308
30.0,5.0,16999
30.0,6.0,15927
30.0,7.0,14703
30.0,8.0,14263
30.0,9.0,13302
30.0,10.0,12751
30.0,11.0,11964
30.0,12.0,11211
30.0,13.0,9867
30.0,14.0,8749
30.0,15.0,7626
30.0,16.0,5459
30.0,17.0,1794
31.0,-18.0,4861
31.0,-17.0,19696
31.0,-16.0,36052
31.0,-15.0,103447
31.0,-14.0,229990
31.0,-13.0,593790
31.0,-12.0,468433
31.0,-11.0,440687
31.0,-10.0,240914
31.0,-9.0,163868
31.0,-8.0,112681
31.0,-7.0,81490
31.0,-6.0,62867
31.0,-5.0,50350
31.0,-4.0,40866
31.0,-3.0,34861
31.0,-2.0,30418
31.0,-1.0,26450
31.0,0.0,23781
31.0,1.0,21678
31.0,2.0,19667
31.0,3.0,18367
31.0,4.0,17009
31.0,5.0,16099
31.0,6.0,14665
31.0,7.0,14100
31.0,8.0,13333
31.0,9.0,12656
31.0,10.0,11905
31.0,11.0,11091
31.0,12.0,10652
31.0,13.0,9632
31.0,14.0,8478
31.0,15.0,7575
31.0,16.0,5320
31.0,17.0,1845
32.0,-18.0,5001
32.0,-17.0,20161
32.0,-16.0,37248
32.0,-15.0,110985
32.0,-14.0,258470
32.0,-13.0,720164
32.0,-12.0,556413
32.0,-11.0,329516
32.0,-10.0,201328
32.0,-9.0,131248
32.0,-8.0,97705
32.0,-7.0,72089
32.0,-6.0,56155
32.0,-5.0,45206
32.0,-4.0,38140
32.0,-3.0,32420
32.0,-2.0,28367
32.0,-1.0,24617
32.0,0.0,22177
32.0,1.0,20403
32.0,2.0,18659
32.0,3.0,17326
32.0,4.0,16332
32.0,5.0,15010
32.0,6.0,13993
32.0,7.0,13281
32.0,8.0,12516
32.0,9.0,12074
32.0,10.0,11314
32.0,11.0,10865
32.0,12.0,10149
32.0,13.0,9618
32.0,14.0,8198
32.0,15.0,7213
32.0,16.0,5131
32.0,17.0,1690
33.0,-18.0,4950
33.0,-17.0,20002
33.0,-16.0,35521
33.0,-15.0,117636
33.0,-14.0,291071
33.0,-13.0,555935
33.0,-12.0,618245
33.0,-11.0,318825
33.0,-10.0,186485
33.0,-9.0,119511
33.0,-8.0,84387
33.0,-7.0,66090
33.0,-6.0,52400
33.0,-5.0,42307
33.0,-4.0,36048
33.0,-3.0,30866
33.0,-2.0,27031
33.0,-1.0,23679
33.0,0.0,21466
33.0,1.0,19399
33.0,2.0,18064
33.0,3.0,17004
33.0,4.0,15813
33.0,5.0,14271
33.0,6.0,13423
33.0,7.0,12891
33.0,8.0,12147
33.0,9.0,11358
33.0,10.0,11027
33.0,11.0,10424
33.0,12.0,9786
33.0,13.0,8969
33.0,14.0,8206
33.0,15.0,7015
33.0,16.0,4987
33.0,17.0,1597
34.0,-18.0,5235
34.0,-17.0,18400
34.0,-16.0,45421
34.0,-15.0,116894
34.0,-14.0,316675
34.0,-13.0,515109
34.0,-12.0,574944
34.0,-11.0,292421
34.0,-10.0,175272
34.0,-9.0,116293
34.0,-8.0,79677
34.0,-7.0,63272
34.0,-6.0,50482
34.0,-5.0,41281
34.0,-4.0,34335
34.0,-3.0,29952
34.0,-2.0,26364
34.0,-1.0,23046
34.0,0.0,20904
34.0,1.0,18839
34.0,2.0,17233
34.0,3.0,16406
34.0,4.0,15032
34.0,5.0,13931
34.0,6.0,13086
34.0,7.0,12454
34.0,8.0,11934
34.0,9.0,11281
34.0,10.0,10624
34.0,11.0,10266
34.0,12.0,9488
34.0,13.0,8952
34.0,14.0,7824
34.0,15.0,6779
34.0,16.0,4860
34.0,17.0,1658
35.0,-18.0,5353
35.0,-17.0,18068
35.0,-16.0,47274
35.0,-15.0,132125
35.0,-14.0,375910
35.0,-13.0,696362
35.0,-12.0,477728
35.0,-11.0,281972
35.0,-10.0,169363
35.0,-9.0,104409
35.0,-8.0,77246
35.0,-7.0,60606
35.0,-6.0,48133
35.0,-5.0,40245
35.0,-4.0,34317
35.0,-3.0,29121
35.0,-2.0,25593
35.0,-1.0,23416
35.0,0.0,20666
35.0,1.0,18936
35.0,2.0,17270
35.0,3.0,15863
35.0,4.0,14633
35.0,5.0,13777
35.0,6.0,12861
35.0,7.0,12468
35.0,8.0,11472
35.0,9.0,11094
35.0,10.0,10420
35.0,11.0,9966
35.0,12.0,9402
35.0,13.0,8794
35.0,14.0,7999
35.0,15.0,6608
35.0,16.0,4639
35.0,17.0,1720
36.0,-18.0,5360
36.0,-17.0,19483
36.0,-16.0,49796
36.0,-15.0,138206
36.0,-14.0,463092
36.0,-13.0,606389
36.0,-12.0,411198
36.0,-11.0,275303
36.0,-10.0,165257
36.0,-9.0,103033
36.0,-8.0,78819
36.0,-7.0,60627
36.0,-6.0,48116
36.0,-5.0,39562
36.0,-4.0,33394
36.0,-3.0,28569
36.0,-2.0,25935
36.0,-1.0,23029
36.0,0.0,20686
36.0,1.0,18892
36.0,2.0,17409
36.0,3.0,16040
36.0,4.0,14754
36.0,5.0,13789
36.0,6.0,13039
36.0,7.0,12226
36.0,8.0,11727
36.0,9.0,10997
36.0,10.0,10309
36.0,11.0,9905
36.0,12.0,9420
36.0,13.0,8657
36.0,14.0,7882
36.0,15.0,6527
36.0,16.0,4625
36.0,17.0,1729
37.0,-18.0,5468
37.0,-17.0,17656
37.0,-16.0,50001
37.0,-15.0,133663
37.0,-14.0,503077
37.0,-13.0,567832
37.0,-12.0,371268
37.0,-11.0,266214
37.0,-10.0,165144
37.0,-9.0,110488
37.0,-8.0,81953
37.0,-7.0,62126
37.0,-6.0,49955
37.0,-5.0,40067
37.0,-4.0,34832
37.0,-3.0,29967
37.0,-2.0,26769
37.0,-1.0,23630
37.0,0.0,21125
37.0,1.0,19221
37.0,2.0,17343
37.0,3.0,16144
37.0,4.0,14958
37.0,5.0,14005
37.0,6.0,12788
37.0,7.0,12271
37.0,8.0,11627
37.0,9.0,11004
37.0,10.0,10475
37.0,11.0,10146
37.0,12.0,9357
37.0,13.0,8632
37.0,14.0,7813
37.0,15.0,6482
37.0,16.0,4697
37.0,17.0,1734
38.0,-18.0,5524
38.0,-17.0,19387
38.0,-16.0,42137
38.0,-15.0,167294
38.0,-14.0,520611
38.0,-13.0,433370
38.0,-12.0,446886
38.0,-11.0,249379
38.0,-10.0,167786
38.0,-9.0,114272
38.0,-8.0,85346
38.0,-7.0,64477
38.0,-6.0,50786
38.0,-5.0,41016
38.0,-4.0,35622
38.0,-3.0,31310
38.0,-2.0,27226
38.0,-1.0,24310
38.0,0.0,22064
38.0,1.0,19857
38.0,2.0,18193
38.0,3.0,16668
38.0,4.0,15141
38.0,5.0,14228
38.0,6.0,13235
38.0,7.0,12403
38.0,8.0,11894
38.0,9.0,11183
38.0,10.0,10634
38.0,11.0,9983
38.0,12.0,9516
38.0,13.0,8814
38.0,14.0,7978
38.0,15.0,6642
38.0,16.0,4595
38.0,17.0,1789
39.0,-18.0,5396
39.0,-17.0,19617
39.0,-16.0,54602
39.0,-15.0,172148
39.0,-14.0,518002
39.0,-13.0,570109
39.0,-12.0,456513
39.0,-11.0,235555
39.0,-10.0,176569
39.0,-9.0,120514
39.0,-8.0,90303
39.0,-7.0,68892
39.0,-6.0,53433
39.0,-5.0,42122
39.0,-4.0,36596
39.0,-3.0,32655
39.0,-2.0,28594
39.0,-1.0,25641
39.0,0.0,22923
39.0,1.0,20608
39.0,2.0,18849
39.0,3.0,19122
39.0,4.0,15829
39.0,5.0,14786
39.0,6.0,14005
39.0,7.0,13292
39.0,8.0,12132
39.0,9.0,11333
39.0,10.0,10938
39.0,11.0,10218
39.0,12.0,9592
39.0,13.0,8787
39.0,14.0,8037
39.0,15.0,6650
39.0,16.0,4842
39.0,17.0,1945
40.0,-18.0,5490
40.0,-17.0,19681
40.0,-16.0,65508
40.0,-15.0,164419
40.0,-14.0,471237
40.0,-13.0,817126
40.0,-12.0,470364
40.0,-11.0,266247
40.0,-10.0,251937
40.0,-9.0,133440
40.0,-8.0,99285
40.0,-7.0,75717
40.0,-6.0,59492
40.0,-5.0,46269
40.0,-4.0,38878
40.0,-3.0,34538
40.0,-2.0,30603
40.0,-1.0,26993
40.0,0.0,24355
40.0,1.0,21785
40.0,2.0,19861
40.0,3.0,18170
40.0,4.0,16783
40.0,5.0,15214
40.0,6.0,14614
40.0,7.0,13391
40.0,8.0,12557
40.0,9.0,12046
40.0,10.0,11211
40.0,11.0,10650
40.0,12.0,9774
40.0,13.0,8996
40.0,14.0,8388
40.0,15.0,6822
40.0,16.0,4974
40.0,17.0,1915
41.0,-18.0,5418
41.0,-17.0,21061
41.0,-16.0,65346
41.0,-15.0,156745
41.0,-14.0,506978
41.0,-13.0,533526
41.0,-12.0,545664
41.0,-11.0,278008
41.0,-10.0,224507
41.0,-9.0,154937
41.0,-8.0,110738
41.0,-7.0,84315
41.0,-6.0,64752
41.0,-5.0,51890
41.0,-4.0,41884
41.0,-3.0,36634
41.0,-2.0,33098
41.0,-1.0,28516
41.0,0.0,25781
41.0,1.0,23356
41.0,2.0,21123
41.0,3.0,18988
41.0,4.0,17596
41.0,5.0,20018
41.0,6.0,15099
41.0,7.0,13937
41.0,8.0,13178
41.0,9.0,12444
41.0,10.0,11673
41.0,11.0,10844
41.0,12.0,9993
41.0,13.0,9295
41.0,14.0,8209
41.0,15.0,7162
41.0,16.0,5067
41.0,17.0,1981
42.0,-18.0,5311
42.0,-17.0,21753
42.0,-16.0,65622
42.0,-15.0,159486
42.0,-14.0,433943
42.0,-13.0,511018
42.0,-12.0,535214
42.0,-11.0,304571
42.0,-10.0,251447
42.0,-9.0,177909
42.0,-8.0,125564
42.0,-7.0,94144
42.0,-6.0,72615
42.0,-5.0,57322
42.0,-4.0,47379
42.0,-3.0,40376
42.0,-2.0,36041
42.0,-1.0,31585
42.0,0.0,28215
42.0,1.0,25254
42.0,2.0,22607
42.0,3.0,20664
42.0,4.0,18737
42.0,5.0,17899
42.0,6.0,16320
42.0,7.0,15024
42.0,8.0,14024
42.0,9.0,12940
42.0,10.0,12144
42.0,11.0,11295
42.0,12.0,10405
42.0,13.0,9616
42.0,14.0,8568
42.0,15.0,7116
42.0,16.0,5161
42.0,17.0,1963
43.0,-18.0,5327
43.0,-17.0,21125
43.0,-16.0,64452
43.0,-15.0,154119
43.0,-14.0,383200
43.0,-13.0,611768
43.0,-12.0,484301
43.0,-11.0,348728
43.0,-10.0,294842
43.0,-9.0,199671
43.0,-8.0,144152
43.0,-7.0,107487
43.0,-6.0,81316
43.0,-5.0,63829
43.0,-4.0,52588
43.0,-3.0,44607
43.0,-2.0,40179
43.0,-1.0,34375
43.0,0.0,30889
43.0,1.0,27665
43.0,2.0,24851
43.0,3.0,22460
43.0,4.0,20098
43.0,5.0,18925
43.0,6.0,17564
43.0,7.0,16244
43.0,8.0,15007
43.0,9.0,13937
43.0,10.0,12891
43.0,11.0,11972
43.0,12.0,11033
43.0,13.0,9751
43.0,14.0,8825
43.0,15.0,7394
43.0,16.0,5168
43.0,17.0,1922
44.0,-18.0,5474
44.0,-17.0,20587
44.0,-16.0,62205
44.0,-15.0,154515
44.0,-14.0,360235
44.0,-13.0,578001
44.0,-12.0,478951
44.0,-11.0,424761
44.0,-10.0,363186
44.0,-9.0,245498
44.0,-8.0,177500
44.0,-7.0,125940
44.0,-6.0,91087
44.0,-5.0,73512
44.0,-4.0,60645
44.0,-3.0,51565
44.0,-2.0,44259
44.0,-1.0,38278
44.0,0.0,34471
44.0,1.0,30801
44.0,2.0,27724
44.0,3.0,24844
44.0,4.0,22300
44.0,5.0,20390
44.0,6.0,19153
44.0,7.0,17914
44.0,8.0,16317
44.0,9.0,14836
44.0,10.0,13796
44.0,11.0,12430
44.0,12.0,11471
44.0,13.0,10317
44.0,14.0,9093
44.0,15.0,7559
44.0,16.0,5128
44.0,17.0,1996
45.0,-18.0,5391
45.0,-17.0,20173
45.0,-16.0,59716
45.0,-15.0,151006
45.0,-14.0,353316
45.0,-13.0,492435
45.0,-12.0,365527
45.0,-11.0,569954
45.0,-10.0,445988
45.0,-9.0,328393
45.0,-8.0,221441
45.0,-7.0,129373
45.0,-6.0,103995
45.0,-5.0,87862
45.0,-4.0,72514
45.0,-3.0,59241
45.0,-2.0,52002
45.0,-1.0,42400
45.0,0.0,45163
45.0,1.0,35180
45.0,2.0,30539
45.0,3.0,27727
45.0,4.0,24380
45.0,5.0,22789
45.0,6.0,21044
45.0,7.0,19139
45.0,8.0,17642
45.0,9.0,16114
45.0,10.0,14861
45.0,11.0,13554
45.0,12.0,12355
45.0,13.0,10975
45.0,14.0,9802
45.0,15.0,7789
45.0,16.0,5405
45.0,17.0,2043
46.0,-18.0,5590
46.0,-17.0,19144
46.0,-16.0,56951
46.0,-15.0,135729
46.0,-14.0,335148
46.0,-13.0,612330
46.0,-12.0,490261
46.0,-11.0,704875
46.0,-10.0,566584
46.0,-9.0,402115
46.0,-8.0,242073
46.0,-7.0,157611
46.0,-6.0,123812
46.0,-5.0,104785
46.0,-4.0,87935
46.0,-3.0,68577
46.0,-2.0,60375
46.0,-1.0,47632
46.0,0.0,46205
46.0,1.0,41183
46.0,2.0,35731
46.0,3.0,31210
46.0,4.0,27753
46.0,5.0,25631
46.0,6.0,23394
46.0,7.0,21413
46.0,8.0,19319
46.0,9.0,17988
46.0,10.0,15933
46.0,11.0,14838
46.0,12.0,13037
46.0,13.0,11425
46.0,14.0,9810
46.0,15.0,7953
46.0,16.0,5468
46.0,17.0,1925
47.0,-18.0,5452
47.0,-17.0,19506
47.0,-16.0,54226
47.0,-15.0,123874
47.0,-14.0,290102
47.0,-13.0,547786
47.0,-12.0,920680
47.0,-11.0,413646
47.0,-10.0,537135
47.0,-9.0,460274
47.0,-8.0,277341
47.0,-7.0,232667
47.0,-6.0,180129
47.0,-5.0,123761
47.0,-4.0,103843
47.0,-3.0,83159
47.0,-2.0,67551
47.0,-1.0,53323
47.0,0.0,53298
47.0,1.0,48943
47.0,2.0,42480
47.0,3.0,37266
47.0,4.0,32177
47.0,5.0,29255
47.0,6.0,26557
47.0,7.0,24046
47.0,8.0,21981
47.0,9.0,19775
47.0,10.0,17518
47.0,11.0,16033
47.0,12.0,14135
47.0,13.0,12211
47.0,14.0,10669
47.0,15.0,8381
47.0,16.0,5707
47.0,17.0,2084
48.0,-18.0,5195
48.0,-17.0,19784
48.0,-16.0,50777
48.0,-15.0,110789
48.0,-14.0,242902
48.0,-13.0,501501
48.0,-12.0,1004152
48.0,-11.0,980867
48.0,-10.0,415850
48.0,-9.0,434394
48.0,-8.0,290954
48.0,-7.0,318608
48.0,-6.0,207889
48.0,-5.0,165627
48.0,-4.0,116319
48.0,-3.0,97202
48.0,-2.0,81552
48.0,-1.0,71303
48.0,0.0,67118
48.0,1.0,60104
48.0,2.0,51188
48.0,3.0,44893
48.0,4.0,37283
48.0,5.0,33903
48.0,6.0,31056
48.0,7.0,27849
48.0,8.0,25035
48.0,9.0,21888
48.0,10.0,19409
48.0,11.0,17284
48.0,12.0,15292
48.0,13.0,13262
48.0,14.0,11263
48.0,15.0,8799
48.0,16.0,5944
48.0,17.0,2081
49.0,-18.0,4971
49.0,-17.0,18877
49.0,-16.0,46473
49.0,-15.0,99218
49.0,-14.0,201568
49.0,-13.0,393442
49.0,-12.0,734910
49.0,-11.0,1192531
49.0,-10.0,755096
49.0,-9.0,540587
49.0,-8.0,421084
49.0,-7.0,423694
49.0,-6.0,259141
49.0,-5.0,115142
49.0,-4.0,116994
49.0,-3.0,106410
49.0,-2.0,95027
49.0,-1.0,88622
49.0,0.0,88579
49.0,1.0,74229
49.0,2.0,63317
49.0,3.0,54123
49.0,4.0,46531
49.0,5.0,40879
49.0,6.0,36999
49.0,7.0,32606
49.0,8.0,28583
49.0,9.0,25272
49.0,10.0,21712
49.0,11.0,19285
49.0,12.0,16469
49.0,13.0,14355
49.0,14.0,12029
49.0,15.0,9177
49.0,16.0,6107
49.0,17.0,2156
50.0,-18.0,4992
50.0,-17.0,18451
50.0,-16.0,44432
50.0,-15.0,87093
50.0,-14.0,164976
50.0,-13.0,295275
50.0,-12.0,571643
50.0,-11.0,919298
50.0,-10.0,705844
50.0,-9.0,724623
50.0,-8.0,770875
50.0,-7.0,849617
50.0,-6.0,690309
50.0,-5.0,308459
50.0,-4.0,199648
50.0,-3.0,122392
50.0,-2.0,112871
50.0,-1.0,121146
50.0,0.0,114507
50.0,1.0,92428
50.0,2.0,81111
50.0,3.0,66248
50.0,4.0,57977
50.0,5.0,49324
50.0,6.0,43870
50.0,7.0,45091
50.0,8.0,33359
50.0,9.0,29154
50.0,10.0,24205
50.0,11.0,21317
50.0,12.0,18028
50.0,13.0,15292
50.0,14.0,12735
50.0,15.0,9685
50.0,16.0,6027
50.0,17.0,2122
51.0,-18.0,4962
51.0,-17.0,16909
51.0,-16.0,39057
51.0,-15.0,76916
51.0,-14.0,139577
51.0,-13.0,242650
51.0,-12.0,415660
51.0,-11.0,695671
51.0,-10.0,733130
51.0,-9.0,591729
51.0,-8.0,689798
51.0,-7.0,1660110
51.0,-6.0,1439313
51.0,-5.0,660488
51.0,-4.0,471665
51.0,-3.0,202327
51.0,-2.0,132537
51.0,-1.0,121740
51.0,0.0,143488
51.0,1.0,121874
51.0,2.0,101771
51.0,3.0,86869
51.0,4.0,75219
51.0,5.0,62573
51.0,6.0,52815
51.0,7.0,45274
51.0,8.0,41863
51.0,9.0,32872
51.0,10.0,28142
51.0,11.0,23858
51.0,12.0,20424
51.0,13.0,16999
51.0,14.0,13651
51.0,15.0,10364
51.0,16.0,6358
51.0,17.0,2184
52.0,-18.0,4698
52.0,-17.0,16970
52.0,-16.0,33406
52.0,-15.0,69646
52.0,-14.0,118800
52.0,-13.0,200939
52.0,-12.0,328820
52.0,-11.0,523603
52.0,-10.0,866094
52.0,-9.0,1180889
52.0,-8.0,929386
52.0,-7.0,769732
52.0,-6.0,1698600
52.0,-5.0,1367528
52.0,-4.0,962187
52.0,-3.0,403949
52.0,-2.0,167335
52.0,-1.0,189231
52.0,0.0,205094
52.0,1.0,176173
52.0,2.0,137139
52.0,3.0,121011
52.0,4.0,96781
52.0,5.0,80868
52.0,6.0,66847
52.0,7.0,55189
52.0,8.0,47141
52.0,9.0,38801
52.0,10.0,32420
52.0,11.0,26889
52.0,12.0,22614
52.0,13.0,18667
52.0,14.0,14756
52.0,15.0,10687
52.0,16.0,6610
52.0,17.0,2216
53.0,-18.0,4585
53.0,-17.0,15698
53.0,-16.0,31300
53.0,-15.0,60079
53.0,-14.0,98040
53.0,-13.0,154692
53.0,-12.0,238778
53.0,-11.0,373932
53.0,-10.0,641765
53.0,-9.0,1057777
53.0,-8.0,2294360
53.0,-7.0,2999794
53.0,-6.0,2202539
53.0,-5.0,2173534
53.0,-4.0,1496947
53.0,-3.0,626638
53.0,-2.0,276548
53.0,-1.0,275075
53.0,0.0,290215
53.0,1.0,255384
53.0,2.0,200333
53.0,3.0,167416
53.0,4.0,129032
53.0,5.0,106717
53.0,6.0,85643
53.0,7.0,69535
53.0,8.0,57126
53.0,9.0,47180
53.0,10.0,38212
53.0,11.0,31489
53.0,12.0,25644
53.0,13.0,20711
53.0,14.0,15945
53.0,15.0,11268
53.0,16.0,6765
53.0,17.0,2335
54.0,-18.0,4358
54.0,-17.0,15208
54.0,-16.0,27427
54.0,-15.0,50832
54.0,-14.0,80714
54.0,-13.0,122404
54.0,-12.0,177304
54.0,-11.0,267153
54.0,-10.0,425070
54.0,-9.0,748818
54.0,-8.0,1529223
54.0,-7.0,2902020
54.0,-6.0,4815659
54.0,-5.0,1520322
54.0,-4.0,1013482
54.0,-3.0,555214
54.0,-2.0,410126
54.0,-1.0,249122
54.0,0.0,484791
54.0,1.0,407379
54.0,2.0,314818
54.0,3.0,232151
54.0,4.0,178017
54.0,5.0,138149
54.0,6.0,112880
54.0,7.0,90868
54.0,8.0,71503
54.0,9.0,57671
54.0,10.0,45945
54.0,11.0,36649
54.0,12.0,29838
54.0,13.0,23050
54.0,14.0,17373
54.0,15.0,11898
54.0,16.0,7125
54.0,17.0,2255
55.0,-18.0,4403
55.0,-17.0,14060
55.0,-16.0,27094
55.0,-15.0,43979
55.0,-14.0,67662
55.0,-13.0,94040
55.0,-12.0,137264
55.0,-11.0,202075
55.0,-10.0,306083
55.0,-9.0,451671
55.0,-8.0,719771
55.0,-7.0,1251424
55.0,-6.0,1960851
55.0,-5.0,2099195
55.0,-4.0,1736956
55.0,-3.0,1332576
55.0,-2.0,717085
55.0,-1.0,369831
55.0,0.0,397368
55.0,1.0,686310
55.0,2.0,474755
55.0,3.0,324144
55.0,4.0,267977
55.0,5.0,199586
55.0,6.0,150347
55.0,7.0,120433
55.0,8.0,91703
55.0,9.0,71231
55.0,10.0,56266
55.0,11.0,43873
55.0,12.0,34279
55.0,13.0,26296
55.0,14.0,18751
55.0,15.0,12526
55.0,16.0,7597
55.0,17.0,2384
56.0,-18.0,4418
56.0,-17.0,13351
56.0,-16.0,25555
56.0,-15.0,40895
56.0,-14.0,60452
56.0,-13.0,79591
56.0,-12.0,108172
56.0,-11.0,151104
56.0,-10.0,209162
56.0,-9.0,283811
56.0,-8.0,396208
56.0,-7.0,633289
56.0,-6.0,757106
56.0,-5.0,870681
56.0,-4.0,1170898
56.0,-3.0,1289475
56.0,-2.0,2264320
56.0,-1.0,1081591
56.0,0.0,292964
56.0,1.0,479921
56.0,2.0,785048
56.0,3.0,524805
56.0,4.0,406735
56.0,5.0,299173
56.0,6.0,221203
56.0,7.0,164019
56.0,8.0,120533
56.0,9.0,92668
56.0,10.0,70275
56.0,11.0,53579
56.0,12.0,40141
56.0,13.0,29965
56.0,14.0,20923
56.0,15.0,13363
56.0,16.0,7801
56.0,17.0,2424
57.0,-18.0,4168
57.0,-17.0,12014
57.0,-16.0,22996
57.0,-15.0,37193
57.0,-14.0,52026
57.0,-13.0,73313
57.0,-12.0,97071
57.0,-11.0,112730
57.0,-10.0,146285
57.0,-9.0,184308
57.0,-8.0,206067
57.0,-7.0,363990
57.0,-6.0,400607
57.0,-5.0,505008
57.0,-4.0,652816
57.0,-3.0,708368
57.0,-2.0,886988
57.0,-1.0,963307
57.0,0.0,970413
57.0,1.0,450921
57.0,2.0,802676
57.0,3.0,707837
57.0,4.0,504892
57.0,5.0,503462
57.0,6.0,351713
57.0,7.0,240150
57.0,8.0,171896
57.0,9.0,125318
57.0,10.0,90120
57.0,11.0,65842
57.0,12.0,47258
57.0,13.0,33647
57.0,14.0,22037
57.0,15.0,14998
57.0,16.0,8203
57.0,17.0,2392
58.0,-18.0,4137
58.0,-17.0,10994
58.0,-16.0,19484
58.0,-15.0,33087
58.0,-14.0,43626
58.0,-13.0,57100
58.0,-12.0,70802
58.0,-11.0,89776
58.0,-10.0,108169
58.0,-9.0,130296
58.0,-8.0,137465
58.0,-7.0,216499
58.0,-6.0,242215
58.0,-5.0,304690
58.0,-4.0,362266
58.0,-3.0,406647
58.0,-2.0,441959
58.0,-1.0,546452
58.0,0.0,757287
58.0,1.0,975164
58.0,2.0,850992
58.0,3.0,589308
58.0,4.0,680294
58.0,5.0,993185
58.0,6.0,694953
58.0,7.0,411844
58.0,8.0,258614
58.0,9.0,175344
58.0,10.0,116477
58.0,11.0,81748
58.0,12.0,57399
58.0,13.0,37433
58.0,14.0,23665
58.0,15.0,15767
58.0,16.0,8567
58.0,17.0,2502
59.0,-18.0,3840
59.0,-17.0,10021
59.0,-16.0,18057
59.0,-15.0,29972
59.0,-14.0,37736
59.0,-13.0,48425
59.0,-12.0,59176
59.0,-11.0,71657
59.0,-10.0,85359
59.0,-9.0,98950
59.0,-8.0,107880
59.0,-7.0,129104
59.0,-6.0,151690
59.0,-5.0,182081
59.0,-4.0,197110
59.0,-3.0,238259
59.0,-2.0,283047
59.0,-1.0,334329
59.0,0.0,467250
59.0,1.0,626932
59.0,2.0,879227
59.0,3.0,1134927
59.0,4.0,720194
59.0,5.0,868374
59.0,6.0,1014161
59.0,7.0,737794
59.0,8.0,377941
59.0,9.0,243688
59.0,10.0,158241
59.0,11.0,103825
59.0,12.0,69920
59.0,13.0,40267
59.0,14.0,25100
59.0,15.0,16514
59.0,16.0,8889
59.0,17.0,2470
60.0,-18.0,3929
60.0,-17.0,9782
60.0,-16.0,17875
60.0,-15.0,27181
60.0,-14.0,34762
60.0,-13.0,42089
60.0,-12.0,50325
60.0,-11.0,58400
60.0,-10.0,67902
60.0,-9.0,77723
60.0,-8.0,87346
60.0,-7.0,93152
60.0,-6.0,108951
60.0,-5.0,118068
60.0,-4.0,135860
60.0,-3.0,160313
60.0,-2.0,196519
60.0,-1.0,207060
60.0,0.0,295319
60.0,1.0,363635
60.0,2.0,487520
60.0,3.0,603478
60.0,4.0,603777
60.0,5.0,389059
60.0,6.0,495178
60.0,7.0,663859
60.0,8.0,340495
60.0,9.0,268791
60.0,10.0,212162
60.0,11.0,117977
60.0,12.0,78202
60.0,13.0,40930
60.0,14.0,25758
60.0,15.0,17218
60.0,16.0,9087
60.0,17.0,2559
61.0,-18.0,3849
61.0,-17.0,9691
61.0,-16.0,17164
61.0,-15.0,25359
61.0,-14.0,31214
61.0,-13.0,36317
61.0,-12.0,42241
61.0,-11.0,48767
61.0,-10.0,55370
61.0,-9.0,61742
61.0,-8.0,69984
61.0,-7.0,76615
61.0,-6.0,86425
61.0,-5.0,96855
61.0,-4.0,107809
61.0,-3.0,124377
61.0,-2.0,143652
61.0,-1.0,158130
61.0,0.0,187571
61.0,1.0,228219
61.0,2.0,286903
61.0,3.0,373145
61.0,4.0,454619
61.0,5.0,436886
61.0,6.0,371121
61.0,7.0,209811
61.0,8.0,130463
61.0,9.0,282393
61.0,10.0,262309
61.0,11.0,133783
61.0,12.0,82827
61.0,13.0,44050
61.0,14.0,23960
61.0,15.0,17946
61.0,16.0,9528
61.0,17.0,2519
62.0,-18.0,3780
62.0,-17.0,10151
62.0,-16.0,16420
62.0,-15.0,23067
62.0,-14.0,28328
62.0,-13.0,32172
62.0,-12.0,36024
62.0,-11.0,41197
62.0,-10.0,45687
62.0,-9.0,50421
62.0,-8.0,55432
62.0,-7.0,59143
62.0,-6.0,63719
62.0,-5.0,72307
62.0,-4.0,80202
62.0,-3.0,91438
62.0,-2.0,101388
62.0,-1.0,114603
62.0,0.0,128805
62.0,1.0,153854
62.0,2.0,180539
62.0,3.0,223810
62.0,4.0,279530
62.0,5.0,357041
62.0,6.0,460690
62.0,7.0,431284
62.0,8.0,164127
62.0,9.0,372321
62.0,10.0,194514
62.0,11.0,123746
62.0,12.0,82784
62.0,13.0,53740
62.0,14.0,25653
62.0,15.0,16170
62.0,16.0,9637
62.0,17.0,2564
63.0,-18.0,3655
63.0,-17.0,9764
63.0,-16.0,15263
63.0,-15.0,20991
63.0,-14.0,25664
63.0,-13.0,29023
63.0,-12.0,31729
63.0,-11.0,35268
63.0,-10.0,38344
63.0,-9.0,41907
63.0,-8.0,44311
63.0,-7.0,45541
63.0,-6.0,50927
63.0,-5.0,56929
63.0,-4.0,61240
63.0,-3.0,67118
63.0,-2.0,70836
63.0,-1.0,83068
63.0,0.0,91829
63.0,1.0,104933
63.0,2.0,123446
63.0,3.0,148170
63.0,4.0,175078
63.0,5.0,231169
63.0,6.0,326561
63.0,7.0,428575
63.0,8.0,375367
63.0,9.0,460338
63.0,10.0,124799
63.0,11.0,158536
63.0,12.0,77146
63.0,13.0,53405
63.0,14.0,25455
63.0,15.0,17491
63.0,16.0,10127
63.0,17.0,2633
64.0,-18.0,3773
64.0,-17.0,9024
64.0,-16.0,14323
64.0,-15.0,19781
64.0,-14.0,23187
64.0,-13.0,26028
64.0,-12.0,27809
64.0,-11.0,30942
64.0,-10.0,33241
64.0,-9.0,35465
64.0,-8.0,36765
64.0,-7.0,39311
64.0,-6.0,42623
64.0,-5.0,45980
64.0,-4.0,49001
64.0,-3.0,52816
64.0,-2.0,57432
64.0,-1.0,67864
64.0,0.0,70202
64.0,1.0,80617
64.0,2.0,93913
64.0,3.0,105999
64.0,4.0,128512
64.0,5.0,157818
64.0,6.0,211195
64.0,7.0,286052
64.0,8.0,347782
64.0,9.0,445730
64.0,10.0,267130
64.0,11.0,192897
64.0,12.0,130247
64.0,13.0,53442
64.0,14.0,28660
64.0,15.0,20214
64.0,16.0,10696
64.0,17.0,2607
65.0,-18.0,3671
65.0,-17.0,8903
65.0,-16.0,13475
65.0,-15.0,18311
65.0,-14.0,21149
65.0,-13.0,23432
65.0,-12.0,25385
65.0,-11.0,27202
65.0,-10.0,28758
65.0,-9.0,30629
65.0,-8.0,32370
65.0,-7.0,34478
65.0,-6.0,36469
65.0,-5.0,39956
65.0,-4.0,40303
65.0,-3.0,42916
65.0,-2.0,46590
65.0,-1.0,49768
65.0,0.0,54402
65.0,1.0,61484
65.0,2.0,69263
65.0,3.0,79659
65.0,4.0,96911
65.0,5.0,121894
65.0,6.0,150252
65.0,7.0,181732
65.0,8.0,255593
65.0,9.0,387524
65.0,10.0,357182
65.0,11.0,206820
65.0,12.0,167494
65.0,13.0,78676
65.0,14.0,28962
65.0,15.0,17135
65.0,16.0,10707
65.0,17.0,2655
66.0,-18.0,3611
66.0,-17.0,8564
66.0,-16.0,13186
66.0,-15.0,17485
66.0,-14.0,19640
66.0,-13.0,21365
66.0,-12.0,22907
66.0,-11.0,24304
66.0,-10.0,25704
66.0,-9.0,27113
66.0,-8.0,28127
66.0,-7.0,29715
66.0,-6.0,31074
66.0,-5.0,32479
66.0,-4.0,34093
66.0,-3.0,35905
66.0,-2.0,37811
66.0,-1.0,39383
66.0,0.0,44816
66.0,1.0,48914
66.0,2.0,56172
66.0,3.0,65410
66.0,4.0,75529
66.0,5.0,92122
66.0,6.0,114337
66.0,7.0,148762
66.0,8.0,190233
66.0,9.0,339384
66.0,10.0,442323
66.0,11.0,259839
66.0,12.0,160233
66.0,13.0,93352
66.0,14.0,35584
66.0,15.0,18647
66.0,16.0,10318
66.0,17.0,2550
67.0,-18.0,3439
67.0,-17.0,8451
67.0,-16.0,12471
67.0,-15.0,16444
67.0,-14.0,18532
67.0,-13.0,20029
67.0,-12.0,20910
67.0,-11.0,21951
67.0,-10.0,22837
67.0,-9.0,23507
67.0,-8.0,24635
67.0,-7.0,26308
67.0,-6.0,27365
67.0,-5.0,28386
67.0,-4.0,28891
67.0,-3.0,30430
67.0,-2.0,32018
67.0,-1.0,34298
67.0,0.0,36334
67.0,1.0,39381
67.0,2.0,45801
67.0,3.0,53118
67.0,4.0,62633
67.0,5.0,74600
67.0,6.0,91897
67.0,7.0,116446
67.0,8.0,155589
67.0,9.0,259971
67.0,10.0,377488
67.0,11.0,286079
67.0,12.0,116078
67.0,13.0,75916
67.0,14.0,44927
67.0,15.0,24451
67.0,16.0,11043
67.0,17.0,2580
68.0,-18.0,3592
68.0,-17.0,8465
68.0,-16.0,12246
68.0,-15.0,15728
68.0,-14.0,17378
68.0,-13.0,18435
68.0,-12.0,19223
68.0,-11.0,20399
68.0,-10.0,20510
68.0,-9.0,21587
68.0,-8.0,22015
68.0,-7.0,23246
68.0,-6.0,23956
68.0,-5.0,25021
68.0,-4.0,25699
68.0,-3.0,26803
68.0,-2.0,28229
68.0,-1.0,29519
68.0,0.0,31604
68.0,1.0,34202
68.0,2.0,38869
68.0,3.0,43890
68.0,4.0,50443
68.0,5.0,60512
68.0,6.0,75247
68.0,7.0,91224
68.0,8.0,118997
68.0,9.0,192225
68.0,10.0,296380
68.0,11.0,264015
68.0,12.0,108946
68.0,13.0,76702
68.0,14.0,55807
68.0,15.0,29054
68.0,16.0,11383
68.0,17.0,2624
69.0,-18.0,3523
69.0,-17.0,8153
69.0,-16.0,11791
69.0,-15.0,15158
69.0,-14.0,16252
69.0,-13.0,17360
69.0,-12.0,18133
69.0,-11.0,18495
69.0,-10.0,18862
69.0,-9.0,19593
69.0,-8.0,20290
69.0,-7.0,20498
69.0,-6.0,21315
69.0,-5.0,22192
69.0,-4.0,23228
69.0,-3.0,24083
69.0,-2.0,25191
69.0,-1.0,26214
69.0,0.0,27806
69.0,1.0,30210
69.0,2.0,32840
69.0,3.0,36288
69.0,4.0,39603
69.0,5.0,50307
69.0,6.0,62744
69.0,7.0,76388
69.0,8.0,100449
69.0,9.0,150300
69.0,10.0,242032
69.0,11.0,223456
69.0,12.0,118342
69.0,13.0,74044
69.0,14.0,63672
69.0,15.0,29872
69.0,16.0,11784
69.0,17.0,2559
70.0,-18.0,3510
70.0,-17.0,8028
70.0,-16.0,11870
70.0,-15.0,14465
70.0,-14.0,15586
70.0,-13.0,16352
70.0,-12.0,16851
70.0,-11.0,17479
70.0,-10.0,17548
70.0,-9.0,17805
70.0,-8.0,18200
70.0,-7.0,19299
70.0,-6.0,19874
70.0,-5.0,19874
70.0,-4.0,20895
70.0,-3.0,21942
70.0,-2.0,22627
70.0,-1.0,22986
70.0,0.0,24654
70.0,1.0,26582
70.0,2.0,29777
70.0,3.0,33432
70.0,4.0,38137
70.0,5.0,44072
70.0,6.0,53241
70.0,7.0,65626
70.0,8.0,88291
70.0,9.0,130788
70.0,10.0,202449
70.0,11.0,175220
70.0,12.0,146858
70.0,13.0,65096
70.0,14.0,58052
70.0,15.0,30334
70.0,16.0,11675
70.0,17.0,2616
71.0,-18.0,3480
71.0,-17.0,7936
71.0,-16.0,11807
71.0,-15.0,14161
71.0,-14.0,15008
71.0,-13.0,15569
71.0,-12.0,16104
71.0,-11.0,16216
71.0,-10.0,16224
71.0,-9.0,16779
71.0,-8.0,17239
71.0,-7.0,17695
71.0,-6.0,18181
71.0,-5.0,18934
71.0,-4.0,19595
71.0,-3.0,20024
71.0,-2.0,20822
71.0,-1.0,21547
71.0,0.0,23007
71.0,1.0,23542
71.0,2.0,26984
71.0,3.0,30422
71.0,4.0,33874
71.0,5.0,40447
71.0,6.0,48903
71.0,7.0,58824
71.0,8.0,80446
71.0,9.0,117857
71.0,10.0,178289
71.0,11.0,197699
71.0,12.0,177913
71.0,13.0,66461
71.0,14.0,63974
71.0,15.0,30929
71.0,16.0,12353
71.0,17.0,2811
